title,price,link
"Duo Birthstone Dome Ring by Caitlyn Minimalist • Chunky Silver Gemstone Ring • Custom Toi et Moi Ring • Personalized Gift for Her • RM211","65.28","https://www.etsy.com/sg-en/listing/4482613425/duo-birthstone-dome-ring-by-caitlyn?click_key=Eu9KU_VbE9cSULR50y2qnmw7CV6b%3ALT34c292ec26ffdf9bdcf6193856fe7b5c7466adff&click_sum=66850a62&ls=a&ga_order=most_relevant&ga_search_type=all&ga_view_type=gallery&ga_search_query=silver+ring&ref=search_grid-1010348-1-1&sr_prefetch=1&pf_from=search&pop=1&sts=1"
"Handmade Oxidized Sterling Silver Bird Signet Ring – Nature Jewelry","228.93","https://www.etsy.com/sg-en/listing/1829968575/handmade-oxidized-sterling-silver-bird?click_key=Eu9KU_VbE9cSULR50y2qnmw7CV6b%3ALT31ededdbdcdef6f8a3b19858c264b9e0eba215d0&click_sum=ef206cf5&ls=a&ga_order=most_relevant&ga_search_type=all&ga_view_type=gallery&ga_search_query=silver+ring&ref=search_grid-1010348-1-2&sr_prefetch=1&pf_from=search&pro=1&sts=1"
"Handmade Rustic Sterling Silver Ring: Organic Texture Band","131.87","https://www.etsy.com/sg-en/listing/4304299874/handmade-rustic-sterling-silver-ring?click_key=Eu9KU_VbE9cSULR50y2qnmw7CV6b%3ALT92518e834dce6fb381746988f27d2e6a5fcb6b62&click_sum=8d44cbfb&ls=a&ga_order=most_relevant&ga_search_type=all&ga_view_type=gallery&ga_search_query=silver+ring&ref=search_grid-1010348-1-3&sr_prefetch=1&pf_from=search&pro=1&bes=1&cns=1"
"Liquid Silver Ring, Melted Metal Ring, Wavy Shape Band, Curved Solid Sterling Silver Ring, Organic Form.","110.43","https://www.etsy.com/sg-en/listing/1867606802/liquid-silver-ring-melted-metal-ring?click_key=Eu9KU_VbE9cSULR50y2qnmw7CV6b%3ALTc12587cd7c7b547b5a13d786772eb79416e02628&click_sum=5ad26e4b&ls=a&ga_order=most_relevant&ga_search_type=all&ga_view_type=gallery&ga_search_query=silver+ring&ref=search_grid-1010348-1-4&sr_prefetch=1&pf_from=search&frs=1&cns=1&sts=1"
"Handmade Hammered 925 Sterling Silver Ring: Unisex Rustic Band","14.51","https://www.etsy.com/sg-en/listing/4474466397/handmade-hammered-925-sterling-silver?click_key=ca41416c-65c0-4b43-bdc1-cf41c44cfdec%3ALT7662f6869252347b41f8d34e3a9b815a8718bfdc&click_sum=a3ffe47f&ls=s&ga_order=most_relevant&ga_search_type=all&ga_view_type=gallery&ga_search_query=silver+ring&ref=search_grid-1010349-1-1&sr_prefetch=1&pf_from=search&pro=1&frs=1&pop=1&content_source=ca41416c-65c0-4b43-bdc1-cf41c44cfdec%253ALT7662f6869252347b41f8d34e3a9b815a8718bfdc"
"Oval Aquamarine Ring: Simple 925 Sterling Silver Band","20.02","https://www.etsy.com/sg-en/listing/1333317384/oval-aquamarine-ring-simple-925-sterling?click_key=ca41416c-65c0-4b43-bdc1-cf41c44cfdec%3ALT807d3266cf01e576c81d0f3edff4952f349738f9&click_sum=9a81e566&ls=s&ga_order=most_relevant&ga_search_type=all&ga_view_type=gallery&ga_search_query=silver+ring&ref=search_grid-1010349-1-2&sr_prefetch=1&pf_from=search&pro=1&pop=1&content_source=ca41416c-65c0-4b43-bdc1-cf41c44cfdec%253ALT807d3266cf01e576c81d0f3edff4952f349738f9"
"925 Sterling Silver Dome Wedding Band, Minimalist Stacking Ring, Comfort Fit (2mm-9mm)","17.03","https://www.etsy.com/sg-en/listing/4468106019/925-sterling-silver-wedding-band-classic?click_key=ca41416c-65c0-4b43-bdc1-cf41c44cfdec%3ALT736633939c9a2cde826e78ddf6747390e20dc44c&click_sum=079398e9&ls=s&ga_order=most_relevant&ga_search_type=all&ga_view_type=gallery&ga_search_query=silver+ring&ref=search_grid-1010349-1-3&sr_prefetch=1&pf_from=search&pro=1&frs=1&pop=1&content_source=ca41416c-65c0-4b43-bdc1-cf41c44cfdec%253ALT736633939c9a2cde826e78ddf6747390e20dc44c"
"Y2K Star Ring Set | Irregular Silver Rings Adjustable Stacking Rings | Geometric Statement Jewelry | Celestial Star Ring | Gift for Her","29.40","https://www.etsy.com/sg-en/listing/4481898334/y2k-star-ring-set-irregular-silver-rings?click_key=ca41416c-65c0-4b43-bdc1-cf41c44cfdec%3ALT9206f1f7abbc6db20744dc5840aba9ae53e5377d&click_sum=26a57c4a&ls=s&ga_order=most_relevant&ga_search_type=all&ga_view_type=gallery&ga_search_query=silver+ring&ref=search_grid-1010349-1-4&sr_prefetch=1&pf_from=search&pro=1&pop=1&content_source=ca41416c-65c0-4b43-bdc1-cf41c44cfdec%253ALT9206f1f7abbc6db20744dc5840aba9ae53e5377d"
"Abalone Shell Inlay Ring • Sterling Silver Stackable Band • Mother of Pearl Ring","51.56","https://www.etsy.com/sg-en/listing/4400390718/abalone-shell-inlay-ring-sterling-silver?click_key=ca41416c-65c0-4b43-bdc1-cf41c44cfdec%3ALTbabce9e22ce3201b16a2806b472b992b523957e4&click_sum=62144cae&ls=s&ga_order=most_relevant&ga_search_type=all&ga_view_type=gallery&ga_search_query=silver+ring&ref=search_grid-1010349-1-5&sr_prefetch=1&pf_from=search&pop=1&sts=1&content_source=ca41416c-65c0-4b43-bdc1-cf41c44cfdec%253ALTbabce9e22ce3201b16a2806b472b992b523957e4"
"Plain Silver Rings | 925 Stamped | Engravable Rings | Women's Signet Ring | Custom Birth flower Zodiac Engraved Ring","43.64","https://www.etsy.com/sg-en/listing/4384152533/plain-silver-rings-925-stamped?click_key=ca41416c-65c0-4b43-bdc1-cf41c44cfdec%3ALT2e83ddb7d7436a1a459b69f4f3d0ec93194709aa&click_sum=e693f2a8&ls=s&ga_order=most_relevant&ga_search_type=all&ga_view_type=gallery&ga_search_query=silver+ring&ref=search_grid-1010349-1-6&sr_prefetch=1&pf_from=search&pro=1&frs=1&pop=1&sts=1&content_source=ca41416c-65c0-4b43-bdc1-cf41c44cfdec%253ALT2e83ddb7d7436a1a459b69f4f3d0ec93194709aa"
"Knight Armor Silver Ring/ Modern Knight Armor/ Free Joint Silver Ring/ Silver Armor Ring/ Modern knight Gear#I ---NON CONFORMIST","1,326.95","https://www.etsy.com/sg-en/listing/1565854212/knight-armor-silver-ring-modern-knight?click_key=Eu9KU_VbE9cSULR50y2qnmw7CV6b%3ALTa086d903151bdb1129d7e0d86b4bcd84a40f3cd4&click_sum=d935220a&ls=a&ga_order=most_relevant&ga_search_type=all&ga_view_type=gallery&ga_search_query=silver+ring&ref=search_grid-1010348-1-5&sr_prefetch=1&pf_from=search&cns=1"
"La Conejita, Bunny Ring | Sterling 925 Silver Ring | Handmade Silver Ring","235.36","https://www.etsy.com/sg-en/listing/1577484349/la-conejita-bunny-ring-sterling-925?click_key=Eu9KU_VbE9cSULR50y2qnmw7CV6b%3ALT99d851fb84323be1c964300a369f9b02f138ecde&click_sum=492b3f15&ls=a&ga_order=most_relevant&ga_search_type=all&ga_view_type=gallery&ga_search_query=silver+ring&ref=search_grid-1010348-1-6&sr_prefetch=1&pf_from=search"
"Red Big Oval Yemeni Aqeeq Silver Ring, Silver Handmade Jewelry, 925 Sterling Silver, For Men, Red Yemeni Aqeeq - Agate","230.67","https://www.etsy.com/sg-en/listing/962227501/red-big-oval-yemeni-aqeeq-silver-ring?click_key=Eu9KU_VbE9cSULR50y2qnmw7CV6b%3ALTc30f178652ecf0144a2a7c76c37d7d9d3ca02b30&click_sum=bdc9b5ef&ls=a&ga_order=most_relevant&ga_search_type=all&ga_view_type=gallery&ga_search_query=silver+ring&ref=search_grid-28678-1-5&sr_prefetch=1&pf_from=search&frs=1"
"Abstract Jewelry-Chunky Silver Ring, Organic Liquid Metal Wavy Abstract, Contemporary Statement Jewelry","24.54","https://www.etsy.com/sg-en/listing/4489372704/abstract-jewelry-chunky-silver-ring?click_key=Eu9KU_VbE9cSULR50y2qnmw7CV6b%3ALT525e6221cbacd7ee9acc85b48faabda14281e3eb&click_sum=0d79c316&ls=a&ga_order=most_relevant&ga_search_type=all&ga_view_type=gallery&ga_search_query=silver+ring&ref=search_grid-28678-1-6&sr_prefetch=1&pf_from=search&pro=1&frs=1&bes=1"
"Handmade Sterling Silver Dome Ring Set: Stackable Band Rings","15.84","https://www.etsy.com/sg-en/listing/4405957596/handmade-sterling-silver-dome-ring-set?click_key=ca41416c-65c0-4b43-bdc1-cf41c44cfdec%3ALT6a9ac26a503e2627b1ad0f1b50807a468a76ecc7&click_sum=7795ae95&ls=s&ga_order=most_relevant&ga_search_type=all&ga_view_type=gallery&ga_search_query=silver+ring&ref=search_grid-28679-1-9&sr_prefetch=1&pf_from=search&pro=1&frs=1&pop=1&content_source=ca41416c-65c0-4b43-bdc1-cf41c44cfdec%253ALT6a9ac26a503e2627b1ad0f1b50807a468a76ecc7"
"Handmade 925 Silver Wrap Ring | Minimalist Adjustable Band | Everyday Silver Jewelry Gift,","13.78","https://www.etsy.com/sg-en/listing/4401010940/handmade-925-silver-wrap-ring-minimalist?click_key=ca41416c-65c0-4b43-bdc1-cf41c44cfdec%3ALT78d4867f00e45e82b8d4344da45b95d48b8740c1&click_sum=a9610625&ls=s&ga_order=most_relevant&ga_search_type=all&ga_view_type=gallery&ga_search_query=silver+ring&ref=search_grid-28679-1-10&sr_prefetch=1&pf_from=search&pro=1&frs=1&pop=1&content_source=ca41416c-65c0-4b43-bdc1-cf41c44cfdec%253ALT78d4867f00e45e82b8d4344da45b95d48b8740c1"
"Sun Engraved Silver Ring, Handmade Sterling Silver Sunburst Ring, Minimalist Unisex Silver Band, Boho Statement Ring, Gift for Him Her","22.48","https://www.etsy.com/sg-en/listing/4453033853/sun-engraved-silver-ring-handmade?click_key=ca41416c-65c0-4b43-bdc1-cf41c44cfdec%3ALT40c9f58b37810584f24a4ed96b90a35daf93a9a3&click_sum=750f5d4d&ls=s&ga_order=most_relevant&ga_search_type=all&ga_view_type=gallery&ga_search_query=silver+ring&ref=search_grid-28679-1-11&sr_prefetch=1&pf_from=search&pro=1&frs=1&cns=1&pop=1&content_source=ca41416c-65c0-4b43-bdc1-cf41c44cfdec%253ALT40c9f58b37810584f24a4ed96b90a35daf93a9a3"
"925 Sterling Silver Plain Band Ring - Unisex Wedding Anniversary","14.51","https://www.etsy.com/sg-en/listing/4459531668/925-sterling-silver-plain-band-ring?click_key=ca41416c-65c0-4b43-bdc1-cf41c44cfdec%3ALTbfaf7a27227e71b3c19a78722fc461a4272da1d2&click_sum=95528d6b&ls=s&ga_order=most_relevant&ga_search_type=all&ga_view_type=gallery&ga_search_query=silver+ring&ref=search_grid-28679-1-12&sr_prefetch=1&pf_from=search&pro=1&frs=1&pop=1&content_source=ca41416c-65c0-4b43-bdc1-cf41c44cfdec%253ALTbfaf7a27227e71b3c19a78722fc461a4272da1d2"
"Sterling Silver Bluebell Enamel Open Ring","39.14","https://www.etsy.com/sg-en/listing/4473876871/sterling-silver-bluebell-enamel-open?click_key=ca41416c-65c0-4b43-bdc1-cf41c44cfdec%3ALT2f056a84f1603322c1200bd8520b574bd331594c&click_sum=a66eca28&ls=s&ga_order=most_relevant&ga_search_type=all&ga_view_type=gallery&ga_search_query=silver+ring&ref=search_grid-28679-1-13&sr_prefetch=1&pf_from=search&pop=1&sts=1&content_source=ca41416c-65c0-4b43-bdc1-cf41c44cfdec%253ALT2f056a84f1603322c1200bd8520b574bd331594c"
"Punk Gothic Cross Ring Sterling Silver, Vintage Flower Band, Unisex Ring, Alternative Jewelry, Couple Gift","21.44","https://www.etsy.com/sg-en/listing/4494383302/punk-gothic-cross-ring-sterling-silver?click_key=ca41416c-65c0-4b43-bdc1-cf41c44cfdec%3ALT2b6852eaba5b8ed2b7b69602d214fceb8cd968f1&click_sum=7c614f12&ls=s&ga_order=most_relevant&ga_search_type=all&ga_view_type=gallery&ga_search_query=silver+ring&ref=search_grid-28679-1-14&sr_prefetch=1&pf_from=search&pro=1&content_source=ca41416c-65c0-4b43-bdc1-cf41c44cfdec%253ALT2b6852eaba5b8ed2b7b69602d214fceb8cd968f1"
"Faceted Argentium Silver Ring: Recycled Ethical Wedding Band","283.03","https://www.etsy.com/sg-en/listing/465303191/faceted-argentium-silver-ring-recycled?click_key=Eu9KU_VbE9cSULR50y2qnmw7CV6b%3ALTeb8a96a16f49e668d14a43774556b443f43f96bf&click_sum=972e3e3c&ls=a&ga_order=most_relevant&ga_search_type=all&ga_view_type=gallery&ga_search_query=silver+ring&ref=search_grid-28678-1-7&sr_prefetch=1&pf_from=search&frs=1&etp=1"
"925 Silver Aquamarine Rectangle Ring · March Birthstone Silver Ring For Women","120.85","https://www.etsy.com/sg-en/listing/802882640/925-silver-aquamarine-rectangle-ring?click_key=Eu9KU_VbE9cSULR50y2qnmw7CV6b%3ALTfeea70be06a7c62b292802eb830f589072385b63&click_sum=bdc5d1d6&ls=a&ga_order=most_relevant&ga_search_type=all&ga_view_type=gallery&ga_search_query=silver+ring&ref=search_grid-28678-1-8&sr_prefetch=1&pf_from=search&pro=1"
"Vintage Inspired Emerald Green CZ Ring in Sterling Silver, Marquise Ring, Delicate Emerald Ring, Size US 5 - 8","35.22","https://www.etsy.com/sg-en/listing/1016908228/vintage-inspired-emerald-green-cz-ring?click_key=Eu9KU_VbE9cSULR50y2qnmw7CV6b%3ALT96eca09d802e39a461c3fbcaa6f6c758623aabcc&click_sum=a23e6676&ls=a&ga_order=most_relevant&ga_search_type=all&ga_view_type=gallery&ga_search_query=silver+ring&ref=search_grid-28678-1-9&sr_prefetch=1&pf_from=search&bes=1&sts=1"
"Knot Weaved Layered Thumb Ring,Dainty Dot Ring,Valentines Day, Mothers Day Gifts For Her, Chunky Ring, Boho Ring For Women, Adjustable Ring","36.19","https://www.etsy.com/sg-en/listing/1863851197/knot-weaved-layered-thumb-ringdainty-dot?click_key=Eu9KU_VbE9cSULR50y2qnmw7CV6b%3ALT938d1eb95d6ab872c0da3a630830396a6dc30433&click_sum=aabfb390&ls=a&ga_order=most_relevant&ga_search_type=all&ga_view_type=gallery&ga_search_query=silver+ring&ref=search_grid-28678-1-10&sr_prefetch=1&pf_from=search&pro=1&frs=1&pop=1"
"Plain Wide Band Ring-925 Sterling Silver Dome Statement Ring-9MM Wide Band Ring-Silver Band Ring-Handmade silver band-Gift For Her","13.92","https://www.etsy.com/sg-en/listing/4333497559/plain-wide-band-ring-925-sterling-silver?click_key=ca41416c-65c0-4b43-bdc1-cf41c44cfdec%3ALT0bb906865baaf36146c5289d2e3619202fac8b9a&click_sum=94c85cbf&ls=s&ga_order=most_relevant&ga_search_type=all&ga_view_type=gallery&ga_search_query=silver+ring&ref=search_grid-28679-1-15&sr_prefetch=1&pf_from=search&pro=1&frs=1&pop=1&content_source=ca41416c-65c0-4b43-bdc1-cf41c44cfdec%253ALT0bb906865baaf36146c5289d2e3619202fac8b9a"
"Punk-style open ring,Silver and gold vintage ring,925 Sterling Silver Open Ring,Adjustable unisex ring,Free shipping for 2 items.","21.18","https://www.etsy.com/sg-en/listing/1891475437/punk-style-open-ringsilver-and-gold?click_key=ca41416c-65c0-4b43-bdc1-cf41c44cfdec%3ALTad5b24257d93a65b6603630f6c4d45177778de9c&click_sum=b9651836&ls=s&ga_order=most_relevant&ga_search_type=all&ga_view_type=gallery&ga_search_query=silver+ring&ref=search_grid-28679-1-16&sr_prefetch=1&pf_from=search&pro=1&frs=1&bes=1&sts=1&content_source=ca41416c-65c0-4b43-bdc1-cf41c44cfdec%253ALTad5b24257d93a65b6603630f6c4d45177778de9c"
"Vintage Filigree Flower Ring in Surgical Steel, Intricate Silver Floral Band","25.47","https://www.etsy.com/sg-en/listing/4487989499/vintage-filigree-flower-ring-in-surgical?click_key=ca41416c-65c0-4b43-bdc1-cf41c44cfdec%3ALTee2df56fbaf29eedd19c30f9bb4ab3f98fc6b43e&click_sum=e052f56c&ls=s&ga_order=most_relevant&ga_search_type=all&ga_view_type=gallery&ga_search_query=silver+ring&ref=search_grid-28679-1-17&sr_prefetch=1&pf_from=search&frs=1&cns=1&pop=1&content_source=ca41416c-65c0-4b43-bdc1-cf41c44cfdec%253ALTee2df56fbaf29eedd19c30f9bb4ab3f98fc6b43e"
"Handmade Sterling Silver Stacking Ring Set; Boho Minimalist Rings,","18.92","https://www.etsy.com/sg-en/listing/4479487980/handmade-sterling-silver-stacking-ring?click_key=ca41416c-65c0-4b43-bdc1-cf41c44cfdec%3ALT1dcef087115629aea4c29632788ea994af272389&click_sum=598ecadb&ls=s&ga_order=most_relevant&ga_search_type=all&ga_view_type=gallery&ga_search_query=silver+ring&ref=search_grid-28679-1-18&sr_prefetch=1&pf_from=search&pro=1&frs=1&pop=1&content_source=ca41416c-65c0-4b43-bdc1-cf41c44cfdec%253ALT1dcef087115629aea4c29632788ea994af272389"
"Sterling Silver Floral Band Ring, Dainty Nature Inspired Jewelry","16.68","https://www.etsy.com/sg-en/listing/4476817908/sterling-silver-floral-band-ring-dainty?click_key=ca41416c-65c0-4b43-bdc1-cf41c44cfdec%3ALTa5ed2ccb477e3d19d9457fa9a519523b559c4b6e&click_sum=51548597&ls=s&ga_order=most_relevant&ga_search_type=all&ga_view_type=gallery&ga_search_query=silver+ring&ref=search_grid-28679-1-19&sr_prefetch=1&pf_from=search&pro=1&pop=1&content_source=ca41416c-65c0-4b43-bdc1-cf41c44cfdec%253ALTa5ed2ccb477e3d19d9457fa9a519523b559c4b6e"
"Duo Birthstone Dome Ring by Caitlyn Minimalist • Chunky Silver Gemstone Ring • Custom Toi et Moi Ring • Personalized Gift for Her • RM211","65.28","https://www.etsy.com/sg-en/listing/4482613425/duo-birthstone-dome-ring-by-caitlyn?click_key=ca41416c-65c0-4b43-bdc1-cf41c44cfdec%3ALT5e375ce53e8b686616296bd98a33ff8f6ba457d4&click_sum=e4bb7103&ls=s&ga_order=most_relevant&ga_search_type=all&ga_view_type=gallery&ga_search_query=silver+ring&ref=search_grid-28679-1-20&sr_prefetch=1&pf_from=search&pop=1&sts=1&content_source=ca41416c-65c0-4b43-bdc1-cf41c44cfdec%253ALT5e375ce53e8b686616296bd98a33ff8f6ba457d4"
"Solomon Ring, Solomon Seal, Jewish Jewelry, Seal of Solomon Ring, Jewish Ring, Custom Sterling Silver Ring, Protective Jewish Heritage Ring","50.76","https://www.etsy.com/sg-en/listing/1824874713/solomon-ring-solomon-seal-jewish-jewelry?click_key=Eu9KU_VbE9cSULR50y2qnmw7CV6b%3ALT553868da42180c2d3874b939597c4d54efe56f41&click_sum=1bdbfa15&ls=a&ga_order=most_relevant&ga_search_type=all&ga_view_type=gallery&ga_search_query=silver+ring&ref=search_grid-28678-1-11&sr_prefetch=1&pf_from=search&pro=1"
"Sakura Ring 925 Sterling Silver Ring Adjustable","42.66","https://www.etsy.com/sg-en/listing/4422814456/sakura-ring-valentines-day-gift-925?click_key=Eu9KU_VbE9cSULR50y2qnmw7CV6b%3ALT522ba5bde33e46f9861c65cd52fa21100da94421&click_sum=3e24ee8a&ls=a&ga_order=most_relevant&ga_search_type=all&ga_view_type=gallery&ga_search_query=silver+ring&ref=search_grid-28678-1-12&sr_prefetch=1&pf_from=search&pro=1&pop=1"
"Handmade Hammered Sterling Silver Ring | Blue Sapphire Minimalist Band","36.27","https://www.etsy.com/sg-en/listing/4444704245/hammered-sterling-silver-ring-with-blue?click_key=Eu9KU_VbE9cSULR50y2qnmw7CV6b%3ALTeb12d1d4dd2c10a313a8c977cd17e0772e756b6a&click_sum=2d36d0cd&ls=a&ga_order=most_relevant&ga_search_type=all&ga_view_type=gallery&ga_search_query=silver+ring&ref=search_grid-28678-1-13&sr_prefetch=1&pf_from=search&pro=1&cns=1"
"2118-Handmade Sterling Silver Pattern Ring/ 18K Gold Vermeil (2.8mm)","29.01","https://www.etsy.com/sg-en/listing/800090750/2118-handmade-sterling-silver-pattern?click_key=ca41416c-65c0-4b43-bdc1-cf41c44cfdec%3ALT47c6959f3ef129a7096c2fba069ab9429688e145&click_sum=914f8ec3&ls=s&ga_order=most_relevant&ga_search_type=all&ga_view_type=gallery&ga_search_query=silver+ring&ref=search_grid-28679-1-21&sr_prefetch=1&pf_from=search&pro=1&pop=1&sts=1&content_source=ca41416c-65c0-4b43-bdc1-cf41c44cfdec%253ALT47c6959f3ef129a7096c2fba069ab9429688e145"
"Sterling Silver Karma Circle Ring: Minimalist Boho Jewelry","15.14","https://www.etsy.com/sg-en/listing/4349978177/sterling-silver-karma-circle-ring?click_key=Eu9KU_VbE9cSULR50y2qnmw7CV6b%3ALT998908e6d8c343f2e2529728fcc85d34997bbced&click_sum=ae94938b&ls=a&ga_order=most_relevant&ga_search_type=all&ga_view_type=gallery&ga_search_query=silver+ring&ref=search_grid-28678-1-14&sr_prefetch=1&pf_from=search&pro=1&frs=1"
"Wide Silver Brand Ring Large Silver Ring 925 Textured Brand Ring Cigar Band Ring Organic Silver Band 14 mm Band Ring Contemporary Jewelry.","91.75","https://www.etsy.com/sg-en/listing/1639197474/wide-silver-brand-ring-large-silver-ring?click_key=ca41416c-65c0-4b43-bdc1-cf41c44cfdec%3ALTf60929b3bfec33741e1db12106e021e31817286a&click_sum=6a122ec9&ls=s&ga_order=most_relevant&ga_search_type=all&ga_view_type=gallery&ga_search_query=silver+ring&ref=search_grid-28679-1-22&sr_prefetch=1&pf_from=search&frs=1&cns=1&sts=1&content_source=ca41416c-65c0-4b43-bdc1-cf41c44cfdec%253ALTf60929b3bfec33741e1db12106e021e31817286a"
"Silver Double Layer Band Thumb Ring-Stackable Thick Adjustable Ring-Mothers Day Gift-Present-Valentines Day Gift For Her-Jewelry For Woman","37.07","https://www.etsy.com/sg-en/listing/1863852621/silver-double-layer-band-thumb-ring?click_key=ca41416c-65c0-4b43-bdc1-cf41c44cfdec%3ALT44c1401811eaa6d7027e179ca526d1945a2e1e7d&click_sum=8a94f3ad&ls=s&ga_order=most_relevant&ga_search_type=all&ga_view_type=gallery&ga_search_query=silver+ring&ref=search_grid-28679-1-23&sr_prefetch=1&pf_from=search&pro=1&frs=1&pop=1&content_source=ca41416c-65c0-4b43-bdc1-cf41c44cfdec%253ALT44c1401811eaa6d7027e179ca526d1945a2e1e7d"
"Handmade 925 Sterling Silver Stacking Ring Set Floral Design Minimalist Floral Band, Nature-Inspired","17.41","https://www.etsy.com/sg-en/listing/4443058707/handmade-925-sterling-silver-stacking?click_key=ca41416c-65c0-4b43-bdc1-cf41c44cfdec%3ALT34ac02f9cc54789e2c103d3763b17e9c0bbb3073&click_sum=e5b9c6f2&ls=s&ga_order=most_relevant&ga_search_type=all&ga_view_type=gallery&ga_search_query=silver+ring&ref=search_grid-28679-1-24&sr_prefetch=1&pf_from=search&pro=1&frs=1&pop=1&content_source=ca41416c-65c0-4b43-bdc1-cf41c44cfdec%253ALT34ac02f9cc54789e2c103d3763b17e9c0bbb3073"
"Oval Shell Ring – Sterling Silver Mother of Pearl or Abalone Ring – Ocean Inspired Dainty Beach Jewelry","51.56","https://www.etsy.com/sg-en/listing/4472632150/oval-shell-ring-sterling-silver-mother?click_key=ca41416c-65c0-4b43-bdc1-cf41c44cfdec%3ALTcc72f921248b09759c4d4d08dad4abf7c52c2af1&click_sum=418f0546&ls=s&ga_order=most_relevant&ga_search_type=all&ga_view_type=gallery&ga_search_query=silver+ring&ref=search_grid-28679-1-25&sr_prefetch=1&pf_from=search&sts=1&content_source=ca41416c-65c0-4b43-bdc1-cf41c44cfdec%253ALTcc72f921248b09759c4d4d08dad4abf7c52c2af1"
"Celestial Moon Star Ring | Blue Stone Sterling Silver Ring | Dainty Galaxy Jewelry | Minimalist Moon Ring | Gift for Her","32.35","https://www.etsy.com/sg-en/listing/4470758182/celestial-moon-star-ring-blue-stone?click_key=ca41416c-65c0-4b43-bdc1-cf41c44cfdec%3ALTc5e9b3ee9b6a9e3795715c7d37c505cbcc639013&click_sum=ffe60e56&ls=s&ga_order=most_relevant&ga_search_type=all&ga_view_type=gallery&ga_search_query=silver+ring&ref=search_grid-28679-1-26&sr_prefetch=1&pf_from=search&pro=1&pop=1&content_source=ca41416c-65c0-4b43-bdc1-cf41c44cfdec%253ALTc5e9b3ee9b6a9e3795715c7d37c505cbcc639013"
"Rustic Diamond - Unique Engagement Ring with Small Diamond, Sterling Silver and 18k Gold, Conflict Free","404.87","https://www.etsy.com/sg-en/listing/243890729/rustic-diamond-unique-engagement-ring?click_key=Eu9KU_VbE9cSULR50y2qnmw7CV6b%3ALT7ce955465e446e0f3e37cb691078ed596b459df5&click_sum=cabcd51e&ls=a&ga_order=most_relevant&ga_search_type=all&ga_view_type=gallery&ga_search_query=silver+ring&ref=search_grid-28678-1-15&sr_prefetch=1&pf_from=search&etp=1&sts=1"
"R001826 Genuine sterling silver ring solid hallmarked 925 Lovers","103.59","https://www.etsy.com/sg-en/listing/623194726/r001826-genuine-sterling-silver-ring?click_key=Eu9KU_VbE9cSULR50y2qnmw7CV6b%3ALT61396b35ca74c71b36ea448baea0117f89a32cef&click_sum=914c6626&ls=a&ga_order=most_relevant&ga_search_type=all&ga_view_type=gallery&ga_search_query=silver+ring&ref=search_grid-28678-1-16&sr_prefetch=1&pf_from=search&pro=1&frs=1&sca=1"
"Handmade silver ring for women moss agate ring for her leaf nature gift for wife","104.13","https://www.etsy.com/sg-en/listing/4304138616/handmade-silver-ring-for-women-moss?click_key=Eu9KU_VbE9cSULR50y2qnmw7CV6b%3ALT1f9881a493afe4fb5a4bbc65aac17701f0a4f56c&click_sum=5428c5d9&ls=a&ga_order=most_relevant&ga_search_type=all&ga_view_type=gallery&ga_search_query=silver+ring&ref=search_grid-28678-1-17&sr_prefetch=1&pf_from=search&pro=1&frs=1&bes=1&sts=1"
"Sterling Silver Baroque Pearl Ring: Organic Non-Nucleated Pearls, One-of-a-Kind","88.17","https://www.etsy.com/sg-en/listing/893107096/sterling-silver-baroque-pearl-ring?click_key=ca41416c-65c0-4b43-bdc1-cf41c44cfdec%3ALT69877fcf220ad12cbc757d6a920f56a6b59be719&click_sum=bf6bd831&ls=s&ga_order=most_relevant&ga_search_type=all&ga_view_type=gallery&ga_search_query=silver+ring&ref=search_grid-28679-1-27&sr_prefetch=1&pf_from=search&etp=1&content_source=ca41416c-65c0-4b43-bdc1-cf41c44cfdec%253ALT69877fcf220ad12cbc757d6a920f56a6b59be719"
"Handmade Wavy 925 Sterling Silver Ring: Adjustable Open Band","27.20","https://www.etsy.com/sg-en/listing/4367176484/handmade-wavy-925-sterling-silver-ring?click_key=Eu9KU_VbE9cSULR50y2qnmw7CV6b%3ALT0ac94180e9050e59dab7c610fa91f54e2586088a&click_sum=f5a3e45a&ls=a&ga_order=most_relevant&ga_search_type=all&ga_view_type=gallery&ga_search_query=silver+ring&ref=search_grid-28678-1-18&sr_prefetch=1&pf_from=search&pro=1&bes=1"
"Silver Floral Branch Ring, Pink Crystal Flower, Handmade Botanical Gift","29.74","https://www.etsy.com/sg-en/listing/4454500715/silver-floral-branch-ring-pink-crystal?click_key=ca41416c-65c0-4b43-bdc1-cf41c44cfdec%3ALT5deb1d23e09462e37afae565a06dd4561b831fb1&click_sum=04f5ff90&ls=s&ga_order=most_relevant&ga_search_type=all&ga_view_type=gallery&ga_search_query=silver+ring&ref=search_grid-28679-1-28&sr_prefetch=1&pf_from=search&frs=1&pop=1&content_source=ca41416c-65c0-4b43-bdc1-cf41c44cfdec%253ALT5deb1d23e09462e37afae565a06dd4561b831fb1"
"Stylish Silver Ring*925 Starling Silver Ring*Handmade Ring*Unisex Ring*Gift For Her*Vintage Ring*Elegant Ring*Boho Ring*Gift For Christmas","49.17","https://www.etsy.com/sg-en/listing/4392374414/stylish-silver-ring925-starling-silver?click_key=ca41416c-65c0-4b43-bdc1-cf41c44cfdec%3ALTd8d0d25cc5c019134af379ea7023f343a530dc3b&click_sum=bbd83d24&ls=s&ga_order=most_relevant&ga_search_type=all&ga_view_type=gallery&ga_search_query=silver+ring&ref=search_grid-28679-1-29&sr_prefetch=1&pf_from=search&frs=1&cns=1&pop=1&content_source=ca41416c-65c0-4b43-bdc1-cf41c44cfdec%253ALTd8d0d25cc5c019134af379ea7023f343a530dc3b"
"Handmade Sterling Silver Star Ring: Chunky Statement Band jewelry","22.71","https://www.etsy.com/sg-en/listing/4414190456/handmade-sterling-silver-star-ring?click_key=ca41416c-65c0-4b43-bdc1-cf41c44cfdec%3ALT29f7f1479d83c1a57b13182459552465985627aa&click_sum=d504da80&ls=s&ga_order=most_relevant&ga_search_type=all&ga_view_type=gallery&ga_search_query=silver+ring&ref=search_grid-28679-1-30&sr_prefetch=1&pf_from=search&pro=1&frs=1&cns=1&pop=1&content_source=ca41416c-65c0-4b43-bdc1-cf41c44cfdec%253ALT29f7f1479d83c1a57b13182459552465985627aa"
"Choose your stone colors, Organically shaped pure silver ring with colorful gemstones, 4mm width","135.92","https://www.etsy.com/sg-en/listing/688923112/choose-your-stone-colors-organically?click_key=ca41416c-65c0-4b43-bdc1-cf41c44cfdec%3ALTdef68efb990522c643a345f8f2f57ee819de5b13&click_sum=9f4078ac&ls=s&ga_order=most_relevant&ga_search_type=all&ga_view_type=gallery&ga_search_query=silver+ring&ref=search_grid-28679-1-31&sr_prefetch=1&pf_from=search&sts=1&content_source=ca41416c-65c0-4b43-bdc1-cf41c44cfdec%253ALTdef68efb990522c643a345f8f2f57ee819de5b13"
"DOME Ring • Minimalist Ring • Modern Geometric Ring • Silver Ring, Gold Ring • Statement Ring • Pinky Ring • RR001","39.46","https://www.etsy.com/sg-en/listing/819567005/dome-ring-minimalist-ring-modern?click_key=ca41416c-65c0-4b43-bdc1-cf41c44cfdec%3ALT640998fae5f8b79a6d1ec91e9c66d427cc9f53b2&click_sum=ad1d465a&ls=s&ga_order=most_relevant&ga_search_type=all&ga_view_type=gallery&ga_search_query=silver+ring&ref=search_grid-28679-1-32&sr_prefetch=1&pf_from=search&pro=1&pop=1&sts=1&content_source=ca41416c-65c0-4b43-bdc1-cf41c44cfdec%253ALT640998fae5f8b79a6d1ec91e9c66d427cc9f53b2"
"Kintsugi Gold & Oxidized Sterling Silver Ring - Rustic Viking Band","332.22","https://www.etsy.com/sg-en/listing/4438311639/kintsugi-gold-and-oxidized-silver-ring?click_key=Eu9KU_VbE9cSULR50y2qnmw7CV6b%3ALT4935810fe6af88f085770cec9362a5d8eee63ccc&click_sum=f6f6f400&ls=a&ga_order=most_relevant&ga_search_type=all&ga_view_type=gallery&ga_search_query=silver+ring&ref=search_grid-28678-1-19&sr_prefetch=1&pf_from=search&pro=1&frs=1"
"Y2K Star Ring Set | Irregular Silver Rings Adjustable Stacking Rings | Geometric Statement Jewelry | Celestial Star Ring | Gift for Her","29.40","https://www.etsy.com/sg-en/listing/4481898334/y2k-star-ring-set-irregular-silver-rings?click_key=Eu9KU_VbE9cSULR50y2qnmw7CV6b%3ALT0adef418f0212c7a1a89ca414487d53072b79c4b&click_sum=fb8bcbe7&ls=a&ga_order=most_relevant&ga_search_type=all&ga_view_type=gallery&ga_search_query=silver+ring&ref=search_grid-28678-1-20&sr_prefetch=1&pf_from=search&pro=1&pop=1"
"Personalized signet ring women and men, gold or 925 silver ring, engraved jewelry, perfect gift for her, minimalist signet ring for couples","76.92","https://www.etsy.com/sg-en/listing/4409664053/personalized-signet-ring-women-and-men?click_key=Eu9KU_VbE9cSULR50y2qnmw7CV6b%3ALTb895894f1be00360bbd0479be2149f8e47b978c7&click_sum=9a203652&ls=a&ga_order=most_relevant&ga_search_type=all&ga_view_type=gallery&ga_search_query=silver+ring&ref=search_grid-28678-1-21&sr_prefetch=1&pf_from=search&pro=1&pop=1"
"Handmade Sterling Silver Molten Ring: Natural Aquamarine, Minimalist Design","156.31","https://www.etsy.com/sg-en/listing/4445515974/handmade-sterling-silver-molten-ring-lab?click_key=ca41416c-65c0-4b43-bdc1-cf41c44cfdec%3ALTe037b75f40781f2733ad902b94e0d72db7de123b&click_sum=86118d6d&ls=s&ga_order=most_relevant&ga_search_type=all&ga_view_type=gallery&ga_search_query=silver+ring&ref=search_grid-28679-1-33&sr_prefetch=1&pf_from=search&frs=1&cns=1&sts=1&content_source=ca41416c-65c0-4b43-bdc1-cf41c44cfdec%253ALTe037b75f40781f2733ad902b94e0d72db7de123b"
"Emerald Cut Aquamarine Ring, 14K Solid Gold March Birthstone Ring","34.21","https://www.etsy.com/sg-en/listing/1678132167/emerald-cut-aquamarine-ring-14k-solid?click_key=Eu9KU_VbE9cSULR50y2qnmw7CV6b%3ALTcc840ee357a2f3667fab4dd183a53a4d13392407&click_sum=90e9804b&ls=a&ga_order=most_relevant&ga_search_type=all&ga_view_type=gallery&ga_search_query=silver+ring&ref=search_grid-28678-1-22&sr_prefetch=1&pf_from=search&pro=1&frs=1&pop=1"
"Emerald Ring: Hammered 925 Sterling Silver Band","43.52","https://www.etsy.com/sg-en/listing/1877767350/emerald-ring-hammered-925-sterling?click_key=ca41416c-65c0-4b43-bdc1-cf41c44cfdec%3ALT52b4af0f9be76e8c2b611e160a7279441125166b&click_sum=cb388023&ls=s&ga_order=most_relevant&ga_search_type=all&ga_view_type=gallery&ga_search_query=silver+ring&ref=search_grid-28679-1-34&sr_prefetch=1&pf_from=search&pro=1&frs=1&bes=1&cns=1&content_source=ca41416c-65c0-4b43-bdc1-cf41c44cfdec%253ALT52b4af0f9be76e8c2b611e160a7279441125166b"
"Peridot Gemstone Sterling Silver Spinner Ring: Hand Hammered Fidget Band","50.27","https://www.etsy.com/sg-en/listing/1530719808/peridot-gemstone-sterling-silver-spinner?click_key=ca41416c-65c0-4b43-bdc1-cf41c44cfdec%3ALTcaffea0a3d80651198fe2d6b2816000ccc7a3049&click_sum=bba5c87b&ls=s&ga_order=most_relevant&ga_search_type=all&ga_view_type=gallery&ga_search_query=silver+ring&ref=search_grid-28679-1-35&sr_prefetch=1&pf_from=search&pro=1&frs=1&pop=1&content_source=ca41416c-65c0-4b43-bdc1-cf41c44cfdec%253ALTcaffea0a3d80651198fe2d6b2816000ccc7a3049"
"Handmade Solid Sterling Silver Wide Band Thumb Ring","13.24","https://www.etsy.com/sg-en/listing/4375162237/handmade-solid-sterling-silver-wide-band?click_key=ca41416c-65c0-4b43-bdc1-cf41c44cfdec%3ALT482d8ccb6b3bedab4086767850ec20bf58fa6bd0&click_sum=c36c9a7c&ls=s&ga_order=most_relevant&ga_search_type=all&ga_view_type=gallery&ga_search_query=silver+ring&ref=search_grid-28679-1-36&sr_prefetch=1&pf_from=search&pro=1&frs=1&cns=1&content_source=ca41416c-65c0-4b43-bdc1-cf41c44cfdec%253ALT482d8ccb6b3bedab4086767850ec20bf58fa6bd0"
"Sterling Silver Manta Ray and Jellyfish Open Ring","41.10","https://www.etsy.com/sg-en/listing/4473843615/sterling-silver-manta-ray-and-jellyfish?click_key=ca41416c-65c0-4b43-bdc1-cf41c44cfdec%3ALT9d945dc9187ea34a44a8bc06a4e372417396d59e&click_sum=da8eac36&ls=s&ga_order=most_relevant&ga_search_type=all&ga_view_type=gallery&ga_search_query=silver+ring&ref=search_grid-28679-1-37&sr_prefetch=1&pf_from=search&bes=1&sts=1&content_source=ca41416c-65c0-4b43-bdc1-cf41c44cfdec%253ALT9d945dc9187ea34a44a8bc06a4e372417396d59e"
"Sterling Silver Wave Ring: Chunky Boho Statement Jewelry","50.27","https://www.etsy.com/sg-en/listing/1869728279/sterling-silver-wave-ring-chunky-boho?click_key=ca41416c-65c0-4b43-bdc1-cf41c44cfdec%3ALT7e7d15edf78dc22b34c4125ba045b647bf0ce542&click_sum=e33486be&ls=s&ga_order=most_relevant&ga_search_type=all&ga_view_type=gallery&ga_search_query=silver+ring&ref=search_grid-28679-1-38&sr_prefetch=1&pf_from=search&pro=1&frs=1&bes=1&content_source=ca41416c-65c0-4b43-bdc1-cf41c44cfdec%253ALT7e7d15edf78dc22b34c4125ba045b647bf0ce542"
"The Seeker Ring | Men's Silver Ring | Sterling Silver Rose Band | Vintage Unisex Jewelry | Handmade Symbolic Ring","192.95","https://www.etsy.com/sg-en/listing/4356461574/the-seeker-ring-mens-silver-ring?click_key=Eu9KU_VbE9cSULR50y2qnmw7CV6b%3ALT092414591a52b86e16575ca8457dabc0f7de3a00&click_sum=e690f649&ls=a&ga_order=most_relevant&ga_search_type=all&ga_view_type=gallery&ga_search_query=silver+ring&ref=search_grid-28678-1-23&sr_prefetch=1&pf_from=search&sts=1"
"Aquamarine Ring, Solid 925 Sterling Silver, Designer Jewelry, Hadmade Jewelry","28.28","https://www.etsy.com/sg-en/listing/1297032056/aquamarine-ring-solid-925-sterling?click_key=Eu9KU_VbE9cSULR50y2qnmw7CV6b%3ALT8e2adfe32485594dee118012c29696d08d2e7d60&click_sum=73add5fe&ls=a&ga_order=most_relevant&ga_search_type=all&ga_view_type=gallery&ga_search_query=silver+ring&ref=search_grid-28678-1-24&sr_prefetch=1&pf_from=search&pro=1&bes=1"
"Handmade Pear Moonstone 925 Sterling Silver Ring, Boho Jewelry","31.56","https://www.etsy.com/sg-en/listing/1229982396/beautiful-handmade-moonstone-ring-925?click_key=ca41416c-65c0-4b43-bdc1-cf41c44cfdec%3ALTffe8325a6635b0c0e82f664a07f0f4c4620d6283&click_sum=ee03078c&ls=s&ga_order=most_relevant&ga_search_type=all&ga_view_type=gallery&ga_search_query=silver+ring&ref=search_grid-28679-1-39&sr_prefetch=1&pf_from=search&pro=1&frs=1&pop=1&content_source=ca41416c-65c0-4b43-bdc1-cf41c44cfdec%253ALTffe8325a6635b0c0e82f664a07f0f4c4620d6283"
"Sterling Silver Sakura Flower Ring, Adjustable Cherry Blossom Jewelry, Delicate Floral Promise Ring, Nature Lover Birthday Gift for Her","37.72","https://www.etsy.com/sg-en/listing/4464351982/sterling-silver-sakura-flower-ring?click_key=ca41416c-65c0-4b43-bdc1-cf41c44cfdec%3ALT8cc6752cbb3ef036f2537745e0e963378ef0169a&click_sum=9e1f2fdd&ls=s&ga_order=most_relevant&ga_search_type=all&ga_view_type=gallery&ga_search_query=silver+ring&ref=search_grid-28679-1-40&sr_prefetch=1&pf_from=search&pro=1&frs=1&bes=1&sts=1&content_source=ca41416c-65c0-4b43-bdc1-cf41c44cfdec%253ALT8cc6752cbb3ef036f2537745e0e963378ef0169a"
